"DESCRIPTION","DURATION IN MS","NAME","PARENT SUITE","START TIME","STATUS","STOP TIME","SUB SUITE","SUITE","TEST CLASS","TEST METHOD"
"","39078","üß© Validation: Empty field errors and workflow validation on new checklist creation","chromium","Tue Oct 14 10:53:42 IST 2025","failed","Tue Oct 14 10:54:21 IST 2025","üßæ Document/Template Validations","config\doc-temp.spec.js","",""
"","10641","03 - Filter Life Cycle States and download results","chromium","Tue Oct 14 16:10:46 IST 2025","passed","Tue Oct 14 16:10:57 IST 2025","CI Tests ‚Äî Admin: Life Cycle States","config\life-cycle-status.spec.js","",""
"","17820","01 - Create Document Type","chromium","Tue Oct 14 10:52:09 IST 2025","passed","Tue Oct 14 10:52:27 IST 2025","CI Tests ‚Äî Admin: Document Types","config\doc-temp.spec.js","",""
"","12094","01 - Should create a new Checklist successfully","chromium","Tue Oct 14 16:07:24 IST 2025","passed","Tue Oct 14 16:07:36 IST 2025","üß© CI Tests ‚Äî Admin Checklist","config\checklist.spec.js","",""
"","8672","Validation: Creating with empty fields should show errors","chromium","Tue Oct 14 10:58:31 IST 2025","passed","Tue Oct 14 10:58:40 IST 2025","System Data Field Type Validations","config\system-data.spec.js","",""
"","10698","should filter and download user group data","chromium","Tue Oct 14 16:06:41 IST 2025","passed","Tue Oct 14 16:06:52 IST 2025","Admin - User Group Management","admin\user-group.spec.js","",""
"","22815","01 - Create Email Checklist Successfully","chromium","Tue Oct 14 09:50:50 IST 2025","failed","Tue Oct 14 09:51:13 IST 2025","CI Tests ‚Äî Admin Checklist","config\email-temp.spec.js","",""
"","12280","05 - Delete System Data Field Type","chromium","Tue Oct 14 16:14:25 IST 2025","passed","Tue Oct 14 16:14:38 IST 2025","CI Tests ‚Äî Admin System Data Field Types","config\system-data.spec.js","",""
"","12634","05 - Delete Pick List","chromium","Tue Oct 14 16:12:18 IST 2025","passed","Tue Oct 14 16:12:30 IST 2025","CI Tests ‚Äî Admin List Manager","config\list-manager.spec.js","",""
"","11537","03 - Filter Pick List by category and download results","chromium","Tue Oct 14 16:11:54 IST 2025","passed","Tue Oct 14 16:12:06 IST 2025","CI Tests ‚Äî Admin List Manager","config\list-manager.spec.js","",""
"","13183","02 - Verify System Data Field Type and toggle status","chromium","Tue Oct 14 16:13:50 IST 2025","passed","Tue Oct 14 16:14:04 IST 2025","CI Tests ‚Äî Admin System Data Field Types","config\system-data.spec.js","",""
"","1","should delete a tag successfully","chromium","Tue Oct 14 16:05:52 IST 2025","skipped","Tue Oct 14 16:05:52 IST 2025","Admin - Tag Management","admin\tags.spec.js","",""
"","12424","05 - Should delete Document Type successfully","chromium","Tue Oct 14 16:09:24 IST 2025","passed","Tue Oct 14 16:09:37 IST 2025","CI Tests ‚Äî Admin: Document Types","config\doc-temp.spec.js","",""
"","35378","02 - Should verify created Checklist and toggle its status","chromium","Tue Oct 14 16:07:36 IST 2025","failed","Tue Oct 14 16:08:11 IST 2025","üß© CI Tests ‚Äî Admin Checklist","config\checklist.spec.js","",""
"","9888","should show validation errors when required fields are missing","chromium","Tue Oct 14 16:02:31 IST 2025","passed","Tue Oct 14 16:02:41 IST 2025","Admin - Department Verifications in User Creation","admin\department.spec.js","",""
"","0","02 - Verify Document Type and Toggle Status","chromium","Tue Oct 14 10:54:45 IST 2025","skipped","Tue Oct 14 10:54:45 IST 2025","CI Tests ‚Äî Admin Email Template","config\email-temp.spec.js","",""
"","12002","05 - Delete Life Cycle State","chromium","Tue Oct 14 16:11:07 IST 2025","passed","Tue Oct 14 16:11:19 IST 2025","CI Tests ‚Äî Admin: Life Cycle States","config\life-cycle-status.spec.js","",""
"","0","05 - Delete Checklist","chromium","Mon Oct 13 15:04:42 IST 2025","skipped","Mon Oct 13 15:04:42 IST 2025","CI Tests ‚Äî Admin Checklist","config\email-temp.spec.js","",""
"","10006","Validation: Empty field submission should show error messages","chromium","Tue Oct 14 16:15:58 IST 2025","passed","Tue Oct 14 16:16:08 IST 2025","CI Tests ‚Äî Validations: Workflow Types","config\workflow-types.spec.js","",""
"","9045","Validation: Empty field creation should show required errors","chromium","Tue Oct 14 16:14:38 IST 2025","passed","Tue Oct 14 16:14:47 IST 2025","System Data Field Type Validations","config\system-data.spec.js","",""
"","0","04 - Should delete an existing Email Template successfully","chromium","Tue Oct 14 16:10:14 IST 2025","skipped","Tue Oct 14 16:10:14 IST 2025","CI Tests ‚Äî Admin Email Template","config\email-temp.spec.js","",""
"","11514","01 - Create Pick List successfully","chromium","Tue Oct 14 16:11:29 IST 2025","passed","Tue Oct 14 16:11:40 IST 2025","CI Tests ‚Äî Admin List Manager","config\list-manager.spec.js","",""
"","12750","should create a new site with valid details","chromium","Tue Oct 14 16:04:02 IST 2025","passed","Tue Oct 14 16:04:15 IST 2025","Admin - Site Management Tests","admin\site.spec.js","",""
"","9619","Validation: Empty Fields During Numbering System Creation","chromium","Tue Oct 14 16:13:30 IST 2025","passed","Tue Oct 14 16:13:39 IST 2025","Numbering System Validations","config\numbering-system.spec.js","",""
"","11594","02 - Verify created Checklist and toggle status","chromium","Tue Oct 14 10:51:20 IST 2025","passed","Tue Oct 14 10:51:32 IST 2025","CI Tests ‚Äî Admin Checklist","config\checklist.spec.js","",""
"","10323","should filter departments by code and download results","chromium","Tue Oct 14 16:02:10 IST 2025","passed","Tue Oct 14 16:02:20 IST 2025","Admin - Department creation and verification","admin\department.spec.js","",""
"","13326","02 - Verify Numbering System and Toggle Status","chromium","Tue Oct 14 16:12:42 IST 2025","passed","Tue Oct 14 16:12:55 IST 2025","CI Tests ‚Äî Admin Numbering System Management","config\numbering-system.spec.js","",""
"","10192","02 - Verify created Life Cycle State and toggle status","chromium","Tue Oct 14 16:10:36 IST 2025","passed","Tue Oct 14 16:10:46 IST 2025","CI Tests ‚Äî Admin: Life Cycle States","config\life-cycle-status.spec.js","",""
"","17134","Validation: Empty fields on new Checklist creation","chromium","Mon Oct 13 14:45:56 IST 2025","passed","Mon Oct 13 14:46:13 IST 2025","Checklist Validations","config\email-temp.spec.js","",""
"","10816","03 - Filter Numbering System and Download","chromium","Tue Oct 14 16:12:55 IST 2025","passed","Tue Oct 14 16:13:06 IST 2025","CI Tests ‚Äî Admin Numbering System Management","config\numbering-system.spec.js","",""
"","10166","02 - Should verify Document Type and toggle its status","chromium","Tue Oct 14 16:08:50 IST 2025","passed","Tue Oct 14 16:09:00 IST 2025","CI Tests ‚Äî Admin: Document Types","config\doc-temp.spec.js","",""
"","10316","should validate required fields when creating a tag","chromium","Tue Oct 14 16:05:55 IST 2025","passed","Tue Oct 14 16:06:06 IST 2025","Admin - Tag Validations","admin\tags.spec.js","",""
"","12067","should create a new user group successfully","chromium","Tue Oct 14 16:06:17 IST 2025","passed","Tue Oct 14 16:06:29 IST 2025","Admin - User Group Management","admin\user-group.spec.js","",""
"","13433","Should filter and search workflow record successfully","chromium","Tue Oct 14 16:16:08 IST 2025","failed","Tue Oct 14 16:16:21 IST 2025","CI Tests ‚Äî Admin System Data Field Types","template\templates.spec.js","",""
"","0","02 - Should verify created Email Template and toggle its status","chromium","Tue Oct 14 16:10:14 IST 2025","skipped","Tue Oct 14 16:10:14 IST 2025","CI Tests ‚Äî Admin Email Template","config\email-temp.spec.js","",""
"","11249","05 - Delete Life Cycle State","chromium","Tue Oct 14 10:55:34 IST 2025","passed","Tue Oct 14 10:55:46 IST 2025","CI Tests ‚Äî Admin Life Cycle States","config\life-cycle-status.spec.js","",""
"","13552","Should filter and search workflow record successfully","chromium","Tue Oct 14 16:16:26 IST 2025","failed","Tue Oct 14 16:16:40 IST 2025","CI Tests ‚Äî Admin System Data Field Types","workflow\workflow.spec.js","",""
"","10394","03 - Filter System Data Field Types and download","chromium","Tue Oct 14 16:14:04 IST 2025","passed","Tue Oct 14 16:14:14 IST 2025","CI Tests ‚Äî Admin System Data Field Types","config\system-data.spec.js","",""
"","0","04 - Should edit an existing Checklist successfully","chromium","Tue Oct 14 16:08:12 IST 2025","skipped","Tue Oct 14 16:08:12 IST 2025","üß© CI Tests ‚Äî Admin Checklist","config\checklist.spec.js","",""
"","19239","01 - Create Workflow Type","chromium","Tue Oct 14 16:14:47 IST 2025","passed","Tue Oct 14 16:15:06 IST 2025","CI Tests ‚Äî Admin: Workflow Types","config\workflow-types.spec.js","",""
"","10383","04 - Edit Life Cycle State","chromium","Tue Oct 14 16:10:57 IST 2025","passed","Tue Oct 14 16:11:07 IST 2025","CI Tests ‚Äî Admin: Life Cycle States","config\life-cycle-status.spec.js","",""
"","10583","should delete a user group successfully","chromium","Tue Oct 14 16:07:03 IST 2025","passed","Tue Oct 14 16:07:14 IST 2025","Admin - User Group Management","admin\user-group.spec.js","",""
"","23718","01 - Should create new Document Type successfully","chromium","Tue Oct 14 16:08:26 IST 2025","passed","Tue Oct 14 16:08:50 IST 2025","CI Tests ‚Äî Admin: Document Types","config\doc-temp.spec.js","",""
"","11519","01 - Create Checklist successfully","chromium","Tue Oct 14 10:51:09 IST 2025","passed","Tue Oct 14 10:51:20 IST 2025","CI Tests ‚Äî Admin Checklist","config\checklist.spec.js","",""
"","14134","04 - Edit Workflow Type","chromium","Tue Oct 14 16:15:31 IST 2025","passed","Tue Oct 14 16:15:45 IST 2025","CI Tests ‚Äî Admin: Workflow Types","config\workflow-types.spec.js","",""
"","11661","should filter tags by code and download the data","chromium","Tue Oct 14 16:05:23 IST 2025","passed","Tue Oct 14 16:05:34 IST 2025","Admin - Tag Management","admin\tags.spec.js","",""
"","13336","02 - Verify & Toggle Workflow Type","chromium","Tue Oct 14 16:15:06 IST 2025","passed","Tue Oct 14 16:15:20 IST 2025","CI Tests ‚Äî Admin: Workflow Types","config\workflow-types.spec.js","",""
"","8933","04 - Edit Life Cycle State","chromium","Tue Oct 14 10:55:25 IST 2025","passed","Tue Oct 14 10:55:34 IST 2025","CI Tests ‚Äî Admin Life Cycle States","config\life-cycle-status.spec.js","",""
"","11617","01 - Create Numbering System","chromium","Tue Oct 14 16:12:30 IST 2025","passed","Tue Oct 14 16:12:42 IST 2025","CI Tests ‚Äî Admin Numbering System Management","config\numbering-system.spec.js","",""
"","1","05 - Should delete Checklist successfully","chromium","Tue Oct 14 16:08:12 IST 2025","skipped","Tue Oct 14 16:08:12 IST 2025","üß© CI Tests ‚Äî Admin Checklist","config\checklist.spec.js","",""
"","11049","should filter roles by name and download results","chromium","Tue Oct 14 16:03:28 IST 2025","passed","Tue Oct 14 16:03:39 IST 2025","Admin - Roles creation and verification","admin\role.spec.js","",""
"","0","03 - Filter Email Template and download results","chromium","Tue Oct 14 10:54:45 IST 2025","skipped","Tue Oct 14 10:54:45 IST 2025","CI Tests ‚Äî Admin Email Template","config\email-temp.spec.js","",""
"","12435","should verify created user group and toggle status","chromium","Tue Oct 14 16:06:29 IST 2025","passed","Tue Oct 14 16:06:41 IST 2025","Admin - User Group Management","admin\user-group.spec.js","",""
"","10810","05 - Delete Document Type","chromium","Tue Oct 14 10:53:31 IST 2025","passed","Tue Oct 14 10:53:42 IST 2025","CI Tests ‚Äî Admin: Document Types","config\doc-temp.spec.js","",""
"","11647","should verify the newly created site details","chromium","Tue Oct 14 16:04:15 IST 2025","passed","Tue Oct 14 16:04:27 IST 2025","Admin - Site Management Tests","admin\site.spec.js","",""
"","9503","should validate required fields when creating a user group","chromium","Tue Oct 14 16:07:14 IST 2025","passed","Tue Oct 14 16:07:23 IST 2025","Admin - User Group Validations","admin\user-group.spec.js","",""
"","17718","should create a new department successfully","chromium","Tue Oct 14 16:01:38 IST 2025","passed","Tue Oct 14 16:01:56 IST 2025","Admin - Department creation and verification","admin\department.spec.js","",""
"","8826","03 - Filter and Download Document Type","chromium","Tue Oct 14 10:52:45 IST 2025","passed","Tue Oct 14 10:52:54 IST 2025","CI Tests ‚Äî Admin: Document Types","config\doc-temp.spec.js","",""
"","13642","should verify the created tag and toggle its status","chromium","Tue Oct 14 16:05:09 IST 2025","passed","Tue Oct 14 16:05:23 IST 2025","Admin - Tag Management","admin\tags.spec.js","",""
"","10567","should delete an existing site","chromium","Tue Oct 14 16:04:47 IST 2025","passed","Tue Oct 14 16:04:58 IST 2025","Admin - Site Management Tests","admin\site.spec.js","",""
"","10890","04 - Edit Numbering System","chromium","Tue Oct 14 16:13:06 IST 2025","passed","Tue Oct 14 16:13:17 IST 2025","CI Tests ‚Äî Admin Numbering System Management","config\numbering-system.spec.js","",""
"","12476","05 - Delete Numbering System","chromium","Tue Oct 14 16:13:17 IST 2025","passed","Tue Oct 14 16:13:30 IST 2025","CI Tests ‚Äî Admin Numbering System Management","config\numbering-system.spec.js","",""
"","9372","Validation: Empty fields on new Life Cycle State creation","chromium","Tue Oct 14 16:11:19 IST 2025","passed","Tue Oct 14 16:11:29 IST 2025","Validation Tests ‚Äî Life Cycle States","config\life-cycle-status.spec.js","",""
"","20998","role-creation","chromium","Tue Oct 14 16:02:52 IST 2025","passed","Tue Oct 14 16:03:13 IST 2025","Admin - Roles creation and verification","admin\role.spec.js","",""
"","10972","01 - Create a new System Data Field Type","chromium","Tue Oct 14 16:13:39 IST 2025","passed","Tue Oct 14 16:13:50 IST 2025","CI Tests ‚Äî Admin System Data Field Types","config\system-data.spec.js","",""
"","104225","01 - Create Checklist successfully","chromium","Mon Oct 13 16:40:57 IST 2025","passed","Mon Oct 13 16:42:41 IST 2025","CI Tests ‚Äî Admin Checklist","config\email-temp.spec.js","",""
"","10236","tag code should at most contain 5 characters","chromium","Tue Oct 14 16:06:06 IST 2025","passed","Tue Oct 14 16:06:17 IST 2025","Admin - Tag Validations","admin\tags.spec.js","",""
"","11125","should edit an existing site","chromium","Tue Oct 14 16:04:36 IST 2025","passed","Tue Oct 14 16:04:47 IST 2025","Admin - Site Management Tests","admin\site.spec.js","",""
"","17683","02 - Verify Document Type and Toggle Status","chromium","Tue Oct 14 10:52:27 IST 2025","passed","Tue Oct 14 10:52:45 IST 2025","CI Tests ‚Äî Admin: Document Types","config\doc-temp.spec.js","",""
"","16308","Edit action button working","chromium","Tue Oct 14 16:05:34 IST 2025","failed","Tue Oct 14 16:05:51 IST 2025","Admin - Tag Management","admin\tags.spec.js","",""
"","10966","should create a new tag successfully","chromium","Tue Oct 14 16:04:58 IST 2025","passed","Tue Oct 14 16:05:09 IST 2025","Admin - Tag Management","admin\tags.spec.js","",""
"","9558","01 - Create Life Cycle States successfully","chromium","Tue Oct 14 10:54:56 IST 2025","passed","Tue Oct 14 10:55:06 IST 2025","CI Tests ‚Äî Admin Life Cycle States","config\life-cycle-status.spec.js","",""
"","8275","Validation: Empty fields on new numbering system creation","chromium","Tue Oct 14 10:55:46 IST 2025","passed","Tue Oct 14 10:55:54 IST 2025","Numbering System Validations","config\life-cycle-status.spec.js","",""
"","20956","01 - Should create a new Email Template successfully","chromium","Tue Oct 14 16:09:51 IST 2025","failed","Tue Oct 14 16:10:12 IST 2025","CI Tests ‚Äî Admin Email Template","config\email-temp.spec.js","",""
"","13934","02 - Verify created Pick List and toggle status","chromium","Tue Oct 14 16:11:40 IST 2025","passed","Tue Oct 14 16:11:54 IST 2025","CI Tests ‚Äî Admin List Manager","config\list-manager.spec.js","",""
"","0","03 - Filter Checklist and download results","chromium","Mon Oct 13 15:04:42 IST 2025","skipped","Mon Oct 13 15:04:42 IST 2025","CI Tests ‚Äî Admin Checklist","config\email-temp.spec.js","",""
"","18836","01 - Create Email Email Template Successfully","chromium","Tue Oct 14 10:54:25 IST 2025","failed","Tue Oct 14 10:54:44 IST 2025","CI Tests ‚Äî Admin Email Template","config\email-temp.spec.js","",""
"","11192","should edit a user group successfully","chromium","Tue Oct 14 16:06:52 IST 2025","passed","Tue Oct 14 16:07:03 IST 2025","Admin - User Group Management","admin\user-group.spec.js","",""
"","10282","02 - Verify created Life Cycle State and toggle status","chromium","Tue Oct 14 10:55:06 IST 2025","passed","Tue Oct 14 10:55:16 IST 2025","CI Tests ‚Äî Admin Life Cycle States","config\life-cycle-status.spec.js","",""
"","11773","04 - Edit Pick List","chromium","Tue Oct 14 16:12:06 IST 2025","passed","Tue Oct 14 16:12:18 IST 2025","CI Tests ‚Äî Admin List Manager","config\list-manager.spec.js","",""
"","0","03 - Should filter Email Template and download results","chromium","Tue Oct 14 16:10:14 IST 2025","skipped","Tue Oct 14 16:10:14 IST 2025","CI Tests ‚Äî Admin Email Template","config\email-temp.spec.js","",""
"","11086","Delete action button working","chromium","Tue Oct 14 16:02:20 IST 2025","passed","Tue Oct 14 16:02:31 IST 2025","Admin - Department creation and verification","admin\department.spec.js","",""
"","0","03 - Should filter Checklist and download search results","chromium","Tue Oct 14 16:08:12 IST 2025","skipped","Tue Oct 14 16:08:12 IST 2025","üß© CI Tests ‚Äî Admin Checklist","config\checklist.spec.js","",""
"","9263","03 - Filter Life Cycle States and download results","chromium","Tue Oct 14 10:55:16 IST 2025","passed","Tue Oct 14 10:55:25 IST 2025","CI Tests ‚Äî Admin Life Cycle States","config\life-cycle-status.spec.js","",""
"","9165","Validation - Should display proper errors when creating Email Template with empty fields","chromium","Tue Oct 14 16:10:17 IST 2025","passed","Tue Oct 14 16:10:26 IST 2025","Email Template Validations","config\email-temp.spec.js","",""
"","7966","03 - Filter Checklist and download results","chromium","Tue Oct 14 10:51:32 IST 2025","passed","Tue Oct 14 10:51:40 IST 2025","CI Tests ‚Äî Admin Checklist","config\checklist.spec.js","",""
"","15","02 - Verify created Checklist and toggle status","chromium","Mon Oct 13 15:04:42 IST 2025","skipped","Mon Oct 13 15:04:42 IST 2025","CI Tests ‚Äî Admin Checklist","config\email-temp.spec.js","",""
"","8220","04 - Edit Checklist","chromium","Tue Oct 14 10:51:40 IST 2025","passed","Tue Oct 14 10:51:48 IST 2025","CI Tests ‚Äî Admin Checklist","config\checklist.spec.js","",""
"","10335","03 - Should filter Document Type and download results","chromium","Tue Oct 14 16:09:00 IST 2025","passed","Tue Oct 14 16:09:10 IST 2025","CI Tests ‚Äî Admin: Document Types","config\doc-temp.spec.js","",""
"","37415","04 - Edit Document Type","chromium","Tue Oct 14 10:52:54 IST 2025","passed","Tue Oct 14 10:53:31 IST 2025","CI Tests ‚Äî Admin: Document Types","config\doc-temp.spec.js","",""
"","8637","01 - Create Life Cycle States successfully","chromium","Tue Oct 14 16:10:27 IST 2025","passed","Tue Oct 14 16:10:36 IST 2025","CI Tests ‚Äî Admin: Life Cycle States","config\life-cycle-status.spec.js","",""
"","8916","Validation: Empty fields on new Email Template creation","chromium","Tue Oct 14 10:54:47 IST 2025","passed","Tue Oct 14 10:54:56 IST 2025","Email Template Validations","config\email-temp.spec.js","",""
"","0","04 - Edit Checklist","chromium","Mon Oct 13 15:04:42 IST 2025","skipped","Mon Oct 13 15:04:42 IST 2025","CI Tests ‚Äî Admin Checklist","config\email-temp.spec.js","",""
"","0","Should filter and download workflow record successfully","chromium","Tue Oct 14 16:16:42 IST 2025","skipped","Tue Oct 14 16:16:42 IST 2025","CI Tests ‚Äî Admin System Data Field Types","workflow\workflow.spec.js","",""
"","12088","Edit action button working","chromium","Tue Oct 14 16:03:39 IST 2025","passed","Tue Oct 14 16:03:51 IST 2025","Admin - Roles creation and verification","admin\role.spec.js","",""
"","0","should delete an existing site","chromium","Tue Oct 14 10:54:45 IST 2025","skipped","Tue Oct 14 10:54:45 IST 2025","CI Tests ‚Äî Admin Email Template","config\email-temp.spec.js","",""
"","14345","Validation - Should display proper error messages for empty fields and workflow validation","chromium","Tue Oct 14 16:09:37 IST 2025","passed","Tue Oct 14 16:09:51 IST 2025","üßæ Document/Template Validations","config\doc-temp.spec.js","",""
"","8087","Validation: Empty fields on new numbering system creation","chromium","Tue Oct 14 10:57:39 IST 2025","passed","Tue Oct 14 10:57:47 IST 2025","Numbering System Validations","config\numbering-system.spec.js","",""
"","9053","should filter site list by site code and download results","chromium","Tue Oct 14 16:04:27 IST 2025","passed","Tue Oct 14 16:04:36 IST 2025","Admin - Site Management Tests","admin\site.spec.js","",""
"","11137","Delete action button working","chromium","Tue Oct 14 16:03:51 IST 2025","passed","Tue Oct 14 16:04:02 IST 2025","Admin - Roles creation and verification","admin\role.spec.js","",""
"","12686","05 - Delete Checklist","chromium","Tue Oct 14 10:51:48 IST 2025","passed","Tue Oct 14 10:52:01 IST 2025","CI Tests ‚Äî Admin Checklist","config\checklist.spec.js","",""
"","10846","03 - Filter & Download Workflow Type","chromium","Tue Oct 14 16:15:20 IST 2025","passed","Tue Oct 14 16:15:30 IST 2025","CI Tests ‚Äî Admin: Workflow Types","config\workflow-types.spec.js","",""
"","15304","role-verification","chromium","Tue Oct 14 16:03:13 IST 2025","passed","Tue Oct 14 16:03:28 IST 2025","Admin - Roles creation and verification","admin\role.spec.js","",""
"","10087","should validate department code format (max 5 alphanumeric characters)","chromium","Tue Oct 14 16:02:41 IST 2025","passed","Tue Oct 14 16:02:52 IST 2025","Admin - Department Verifications in User Creation","admin\department.spec.js","",""
"","11333","04 - Edit System Data Field Type","chromium","Tue Oct 14 16:14:14 IST 2025","passed","Tue Oct 14 16:14:26 IST 2025","CI Tests ‚Äî Admin System Data Field Types","config\system-data.spec.js","",""
"","13890","04 - Should edit existing Document Type successfully","chromium","Tue Oct 14 16:09:10 IST 2025","passed","Tue Oct 14 16:09:24 IST 2025","CI Tests ‚Äî Admin: Document Types","config\doc-temp.spec.js","",""
"","10434","Validation - Should show messages for empty fields on new Checklist creation","chromium","Tue Oct 14 16:08:15 IST 2025","passed","Tue Oct 14 16:08:25 IST 2025","‚ö†Ô∏è Checklist Validations","config\checklist.spec.js","",""
"","13076","should verify the created department and toggle its status","chromium","Tue Oct 14 16:01:57 IST 2025","passed","Tue Oct 14 16:02:10 IST 2025","Admin - Department creation and verification","admin\department.spec.js","",""
"","12912","05 - Delete Workflow Type","chromium","Tue Oct 14 16:15:45 IST 2025","passed","Tue Oct 14 16:15:58 IST 2025","CI Tests ‚Äî Admin: Workflow Types","config\workflow-types.spec.js","",""
"","8334","Validation: Empty fields on new Checklist creation","chromium","Tue Oct 14 10:52:01 IST 2025","passed","Tue Oct 14 10:52:09 IST 2025","Checklist Validations","config\checklist.spec.js","",""
